{
  "train_losses": [
    0.7181484803557396,
    0.1561803136020899,
    0.18176525284846623,
    0.1888098889340957,
    0.1813031201561292,
    0.1771598555147648,
    0.15941161215305327,
    0.1514804806560278,
    0.15252673489352067,
    0.14278734860320885
  ],
  "val_losses": [
    0.16878951544111426,
    0.16459998082030902,
    0.2526987289840525,
    0.19098587334156036,
    0.18187291649254886,
    0.14895321293310684,
    0.13176768273115158,
    0.1312844929370013,
    0.13050924647938122,
    0.11879298768260262
  ],
  "epochs": [
    1,
    2,
    3,
    4,
    5,
    6,
    7,
    8,
    9,
    10
  ]
}